"","Number","RCO2","BDCO2","RH2O","BDH2O"
"1",0,0.748568201132056,0.264003953613231,0.982523016889121,0.0174769831108794
"2",1,0.741178259467065,0.273056632152845,0.98924139451784,0.0107586054821596
"3",2,0.762551989954701,0.246873812305491,1.00747515703713,-0.00747515703712964
"4",3,0.778594261599625,0.227222029540459,1.02924122791159,-0.0292412279115868
"5",4,0.812873650676863,0.185229777920843,1.03277899542636,-0.0327789954263644
"6",5,0.810266400253938,0.188423659688926,1.00118186486307,-0.0011818648630666
"7",6,0.819177608481283,0.177507429610429,1.02311138161041,-0.023111381610408
"8",7,0.801099211294015,0.199653466164832,0.979894259542334,0.0201057404576663
"9",8,0.771143499511924,0.236349213097893,0.992383272811871,0.00761672718812878
"10",9,0.752488092532748,0.259202086647384,0.966321434893417,0.033678565106583
"11",10,0.737226363731645,0.277897704428736,0.98601883966016,0.0139811603398401
"12",11,0.721120856544761,0.297626950732668,0.97687666898563,0.0231233310143701
"13",12,0.717296936274372,0.302311253063894,0.977083338911835,0.0229166610881648
"14",13,0.70020496450158,0.323248918485565,0.973749251399657,0.0262507486003433
"15",14,0.692060435188778,0.333225966893747,0.978067782494803,0.0219322175051967
"16",15,0.676193190347826,0.352663341823913,0.972400458302543,0.0275995416974575
"17",16,0.662937019841463,0.368902150694208,0.973685817649155,0.026314182350845
"18",17,0.681211956098514,0.346515353779321,0.978372313632221,0.0216276863677788
"19",18,0.662550118860559,0.369376104395815,0.976588713046581,0.0234112869534193
"20",19,0.660774625422788,0.371551083857084,0.964372023677106,0.0356279763228942
"21",20,0.670098367029097,0.360129500389356,0.977926570146816,0.0220734298531837
"22",21,0.672521852916602,0.357160730177162,0.981955352662368,0.0180446473376322
"23",22,0.688116892885801,0.338056806214894,0.993229651123046,0.00677034887695449
"24",23,0.681372366655872,0.346318850846556,0.973029106821913,0.0269708931780868
"25",24,0.668336542665695,0.362287735234523,0.973021094179731,0.0269789058202687
"26",25,0.667487249337864,0.363328119561117,0.97215204304593,0.0278479569540702
"27",26,0.64951622958248,0.385342618761463,0.971447462824257,0.0285525371757431
"28",27,0.656061491501636,0.377324672910495,0.989917888548881,0.0100821114511186
"29",28,0.666667275644373,0.364332587335643,0.960491410132986,0.0395085898670142
"30",29,0.668290795450573,0.362343775573049,0.960903443427085,0.0390965565729149
"31",30,0.667480290905986,0.363336643640167,0.995705234026208,0.00429476597379186
"32",31,0.721576048407937,0.297069340700278,1.04643600821964,-0.0464360082196438
"33",32,0.799990357920506,0.20101181154738,1.03190800571713,-0.031908005717125
"34",33,0.799426215261521,0.201702886304637,0.985794361411054,0.014205638588946
"35",34,0.829246100828112,0.165173526485562,1.00799854794141,-0.00799854794141197
"36",35,0.845536083444263,0.145218297780777,0.998237177395126,0.00176282260487381
"37",36,0.870511414874368,0.1146235167789,1.01962281133048,-0.0196228113304768
"38",37,0.883603457986727,0.0985857639662598,0.978722352407917,0.0212776475920827
"39",38,0.839423826169547,0.152705812942305,0.983159356514675,0.0168406434853248
"40",39,0.843808261048318,0.14733488021581,1.00203960572771,-0.002039605727711
"41",40,0.884072814444428,0.098010802305576,1.04579315498311,-0.0457931549831072
"42",41,0.915486293525038,0.059529290431829,1.02101357620666,-0.0210135762066619
"43",42,0.962811657638577,0.00155571939274371,1.03281804267086,-0.0328180426708586
"44",43,0.967686628191677,-0.00441611953480452,1.02799695984827,-0.0279969598482666
"45",44,0.974981467408687,-0.0133522975756418,1.02358255261105,-0.02358255261105
"46",45,0.978361166180274,-0.0174924285708357,1.02481992205391,-0.0248199220539123
"47",46,0.98076818802955,-0.020441030336199,1.01062299338331,-0.0106229933833086
"48",47,0.972498930542481,-0.0103111899145395,1.01867060551287,-0.0186706055128705
"49",48,0.965057655309686,-0.00119562775436482,1.00590131086484,-0.00590131086483625
"50",49,0.986283176237692,-0.0271968908911722,1.02199536549346,-0.0219953654934617
"51",50,0.992277297253421,-0.0345396891354403,1.0349987881415,-0.0349987881414977
"52",51,0.98607747983587,-0.0269449127989408,1.0198861555672,-0.0198861555672007
"53",52,1.00127154216985,-0.0455576391580629,1.0143823464219,-0.0143823464218991
"54",53,0.985839425297865,-0.0266532959898847,1.00836947438755,-0.00836947438755442
"55",54,0.977013559497105,-0.0158416103839533,1.01077085169334,-0.0107708516933356
"56",55,0.986928373819937,-0.0279872579294226,1.0152084084735,-0.0152084084735011
"57",56,0.976581331887434,-0.0153121315621069,1.02322697011203,-0.0232269701120293
"58",57,0.974602046143995,-0.0128875065263943,1.00340706200685,-0.00340706200684915
"59",58,0.975831820330823,-0.0143939799052584,1.00426398198476,-0.00426398198476252
"60",59,0.998843352590392,-0.0425831069232301,1.0211049829277,-0.0211049829277004
"61",60,0.979738935490271,-0.0191801959755823,1.0100803080942,-0.0100803080941956
"62",61,0.976556568818553,-0.0152817968027277,1.01168194180249,-0.0116819418024883
"63",62,0.991079270135961,-0.0330721059165518,1.0118564445067,-0.0118564445067049
"64",63,0.990326479521208,-0.0321499374134803,1.00553802129586,-0.00553802129586378
"65",64,0.976947009999824,-0.0157600872497842,1.00546193988082,-0.00546193988082355
"66",65,0.977878308749391,-0.0169009282180045,0.998722739677806,0.00127726032219366
"67",66,0.976316491489175,-0.0149877020742399,1.00697131133757,-0.00697131133756579
"68",67,0.990307472648099,-0.0321266539939213,1.01793654029917,-0.0179365402991705
"69",68,0.968938816456296,-0.0059500501589623,1.00839806009759,-0.00839806009759148
"70",69,0.983311216907191,-0.0235562407113094,1.01053739217329,-0.0105373921732941
"71",70,0.981360171999203,-0.0211662106990241,1.01163597848332,-0.0116359784833195
"72",71,0.97672273001784,-0.0154853442718546,1.00157773057552,-0.00157773057551691
"73",72,0.985734596260169,-0.0265248804187073,1.01358627089011,-0.0135862708901116
"74",73,0.986859088227564,-0.027902383078766,1.01551391685684,-0.0155139168568437
"75",74,0.984749905346855,-0.025318634049897,1.02826216734687,-0.0282621673468728
"76",75,0.979538982329391,-0.0189352533535042,1.02526743894695,-0.0252674389469523
"77",76,0.985931162045652,-0.0267656735059234,1.0063591251125,-0.00635912511250059
"78",77,0.974563913447643,-0.0128407939733627,1.02128590589657,-0.0212859058965746
"79",78,0.979411718632504,-0.0187793553248174,1.0286205877055,-0.0286205877055001
"80",79,0.977577975027788,-0.0165330194090401,1.00940620622143,-0.00940620622142618
"81",80,0.989355938088297,-0.0309610241581636,1.00932928171588,-0.00932928171587788
"82",81,0.967970109441987,-0.0047633840664341,1.02601473281797,-0.026014732817971
"83",82,0.992217068023073,-0.0344659083282649,1.02522314582134,-0.0252231458213412
"84",83,0.97844378521586,-0.0175936368894286,1.01339609360473,-0.0133960936047279
"85",84,0.981089828532112,-0.0208350399518371,0.99194289179298,0.00805710820701955
"86",85,0.983475689245746,-0.0237577193260391,1.01460786583543,-0.0146078658354314
"87",86,0.964467137331708,-0.000472243231342394,1.00146634880161,-0.00146634880160712
"88",87,0.962646366797564,0.00175820067298466,0.981355951611985,0.0186440483880149
"89",88,0.97120652699635,-0.00872799557052849,1.00085018192409,-0.000850181924090698
"90",89,0.995346002749791,-0.0382988533684943,1.01305263926351,-0.0130526392635084
"91",90,0.98149667530988,-0.0213334272546036,1.02406882204556,-0.0240688220455598
"92",91,0.976875946527516,-0.0156730344962069,1.03331776143252,-0.0333177614325204
"93",92,0.981499501718122,-0.0213368896046991,1.02748998858221,-0.0274899885822109
"94",93,0.969072492877068,-0.00611380377440814,1.0130531936696,-0.0130531936695963
"95",94,0.972606391834606,-0.0104428299973924,1.01675251308014,-0.0167525130801436
"96",95,0.976994748088167,-0.0158185664080051,1.02807697530142,-0.0280769753014152
"97",96,0.980456420924109,-0.0200591156320339,1.00467785768408,-0.00467785768407514
"98",97,0.971297328837826,-0.00883922782633649,1.01686115825399,-0.0168611582539862
"99",98,0.978109987112725,-0.0171847342130883,1.02374628467116,-0.023746284671164
"100",99,0.987859550318374,-0.0291279491400078,1.016674849027,-0.016674849026995
"101",100,0.973404209011664,-0.0114201560392884,1.02767166172302,-0.0276716617230213
"102",101,0.986063022225932,-0.0269272022267667,1.01141086380893,-0.0114108638089345
"103",102,0.968705949536884,-0.00566478818268255,1.03395209206512,-0.0339520920651184
"104",103,0.989913919831318,-0.0316445517933646,1.04450069306258,-0.0445006930625795
"105",104,0.988453941390448,-0.0298560782032983,1.03730400766898,-0.0373040076689801
"106",105,0.981504719367427,-0.0213432812250986,1.03542241748087,-0.0354224174808675
"107",106,0.986452423528893,-0.0274042188228944,1.02841622362057,-0.0284162236205665
"108",107,0.980904880410247,-0.0206084785025521,1.0367157104341,-0.0367157104341029
"109",108,0.984039151450601,-0.0244479605269864,1.03596767157059,-0.0359676715705917
"110",109,0.981473371917639,-0.0213048805991074,1.02367172203034,-0.0236717220303371
"111",110,0.989313326769724,-0.0309088252929121,1.02896958533849,-0.0289695853384948
"112",111,0.981145864397082,-0.0209036838864248,1.03265449925055,-0.0326544992505495
"113",112,0.986830773925314,-0.0278676980585093,1.01536653236157,-0.0153665323615715
"114",113,0.980186910044098,-0.0197289648040199,1.02565684646056,-0.0256568464605571
"115",114,0.991500811673479,-0.0335884943000119,1.01141499767939,-0.0114149976793947
"116",115,0.97818371344112,-0.0172750489653721,1.01580149550495,-0.0158014955049508
"117",116,0.98351390459728,-0.0238045331316675,1.01837068481104,-0.0183706848110448
"118",117,0.977068326282667,-0.0159086996962666,1.02037424098263,-0.0203742409826289
"119",118,0.982647952314601,-0.0227437415853864,1.03273290468833,-0.0327329046883345
"120",119,0.970872564080479,-0.00831889099858712,1.00631125368726,-0.00631125368726426
"121",120,0.975858978607994,-0.0144272487947922,1.04872172132799,-0.048721721327988
"122",121,0.97672406874471,-0.0154869842122692,1.03020460057061,-0.0302046005706107
"123",122,0.979435519568266,-0.0188085114711264,1.02805857523846,-0.0280585752384552
"124",123,0.984330606866079,-0.0248049934109472,1.04543007447215,-0.0454300744721488
"125",124,0.976602246701133,-0.0153377522088884,1.03393405672546,-0.0339340567254631
"126",125,0.984089687859294,-0.0245098676276346,1.03871731083231,-0.0387173108323104
"127",126,0.988723947255957,-0.0301868353885478,1.04485914868023,-0.0448591486802337
"128",127,0.987704804004645,-0.02893838490569,1.03832528785302,-0.0383252878530151
"129",128,0.980511917428839,-0.0201270988503277,1.03898831325088,-0.0389883132508821
"130",129,0.977648438652105,-0.0166193373488284,1.02276214763857,-0.0227621476385651
"131",130,0.983220904530055,-0.0234456080493169,1.02299274075981,-0.0229927407598083
"132",131,0.979564169145919,-0.0189661072037507,1.02017135416112,-0.020171354161117
"133",132,0.991312600618709,-0.0333579357579189,1.03129953332141,-0.0312995333214077
"134",133,0.985832016823749,-0.0266442206090922,1.0332891380687,-0.0332891380686984
"135",134,0.992185181689989,-0.0344268475702362,1.02128121008252,-0.021281210082523
"136",135,0.980515388082195,-0.0201313504006886,1.06264607737377,-0.0626460773737652
"137",136,0.989685527938486,-0.0313647717246452,1.03699324362021,-0.0369932436202083
"138",137,0.981871586407076,-0.0217926933486683,1.04561576937741,-0.0456157693774062
"139",138,0.98551530621886,-0.0262562501181033,1.02804288375394,-0.0280428837539437
"140",139,0.973387105392591,-0.0113992041059234,1.02561563351064,-0.0256156335106421
"141",140,0.98388520496839,-0.0242593760862781,1.04558111426134,-0.0455811142613429
"142",141,0.979719121546956,-0.0191559238950214,1.04060368524157,-0.0406036852415663
"143",142,0.974179401086528,-0.0123697663309964,1.03603080059159,-0.0360308005915908
"144",143,0.991626361326896,-0.0337422926254481,1.02173433090496,-0.0217343309049578
"145",144,0.989558589929202,-0.031209272663273,1.02828381846237,-0.028283818462369
"146",145,0.975859848944954,-0.014428314957569,1.01025659734861,-0.0102565973486064
"147",146,0.992070159948174,-0.0342859459365128,1.00761614578208,-0.00761614578208336
"148",147,0.99109474916599,-0.0330910677283378,1.02377650469629,-0.0237765046962928
"149",148,0.97298949934096,-0.0109121366926763,1.03722035239244,-0.0372203523924364
"150",149,0.988676900980263,-0.0301292037008218,1.03938365702062,-0.039383657020619
"151",150,0.986610700269643,-0.0275981078303123,1.0469170601481,-0.046917060148095
"152",151,0.978967359895403,-0.0182350158718683,1.03233489119859,-0.0323348911985943
"153",152,0.979443041008926,-0.0188177252359338,1.02161873674865,-0.0216187367486522
"154",153,0.996228402232258,-0.0393797927345154,1.04158473605979,-0.0415847360597879
"155",154,0.986655786567086,-0.0276533385446809,1.04692771235015,-0.0469277123501517
"156",155,0.985874336862788,-0.0266960626569157,1.0479663847261,-0.0479663847261038
"157",156,0.98329283785574,-0.0235337263732817,1.0438251187556,-0.0438251187556049
"158",157,0.980537485898758,-0.0201584202259788,1.03304740450685,-0.0330474045068452
"159",158,0.982564864829465,-0.0226419594160952,1.0433077597288,-0.0433077597287999
"160",159,0.984903042927169,-0.0255062275857826,1.03044894907994,-0.0304489490799409
"161",160,0.989388291110663,-0.0310006566105617,1.03388773678584,-0.0338877367858423
"162",161,0.992713573041639,-0.0350741269760078,1.04031117365278,-0.0403111736527777
"163",162,0.971225285065915,-0.00875097420574531,1.03981999446952,-0.0398199944695223
"164",163,0.992336062655192,-0.0346116767526105,1.04652117982096,-0.046521179820957
"165",164,0.984338041569772,-0.0248141009229703,1.03601197528662,-0.0360119752866221
"166",165,0.970969869011461,-0.00843808953903957,1.02176223858145,-0.0217622385814471
"167",166,0.986409346020345,-0.0273514488749224,1.04238874545634,-0.0423887454563425
"168",167,0.992303304866959,-0.0345715484620243,1.03468117312251,-0.0346811731225141
"169",168,0.979581154943101,-0.0189869148052992,1.05611568351073,-0.0561156835107304
"170",169,0.971321408291958,-0.00886872515764883,1.045604795821,-0.0456047958209973
"171",170,0.991105503151135,-0.03310424136014,1.06156968525174,-0.061569685251738
"172",171,0.986158060640699,-0.0270436242848567,1.04906148265993,-0.0490614826599329
"173",172,0.986265337183474,-0.027175038049756,1.04828209118074,-0.0482820911807371
"174",173,0.975552124923243,-0.0140513530309726,1.03901072624775,-0.0390107262477504
"175",174,0.984669920786666,-0.0252206529636658,1.05516380740202,-0.055163807402018
"176",175,0.975343157504873,-0.0137953679434697,1.03395030368704,-0.0339503036870357
"177",176,0.973436220533748,-0.011459370153841,1.0402252739712,-0.0402252739711975
"178",177,0.984357811474727,-0.0248383190565411,1.03402397981944,-0.0340239798194379
"179",178,0.984612746700817,-0.0251506147085011,1.04510535381937,-0.0451053538193666
"180",179,0.999469647901107,-0.0433503186788563,1.05860487855239,-0.0586048785523903
"181",180,0.970287640175364,-0.00760235921482057,1.02621466838988,-0.0262146683898781
"182",181,0.978461709763124,-0.0176155944598264,1.04071796135573,-0.0407179613557334
"183",182,0.977139624524807,-0.0159960400428889,1.05119079411808,-0.0511907941180827
"184",183,0.995252047377489,-0.0381837580374237,1.03741496970504,-0.0374149697050377
"185",184,0.980552951017742,-0.0201773649967334,1.02649242637843,-0.0264924263784314
"186",185,0.986365545917189,-0.027297793748556,1.04583708994711,-0.0458370899471083
"187",186,0.986919885203492,-0.0279768593742782,1.04658625596915,-0.0465862559691514
"188",187,0.977424938307286,-0.0163455494264255,1.04146831805545,-0.0414683180554476
"189",188,0.985896818040246,-0.0267236020993009,1.05527072279958,-0.0552707227995848
"190",189,0.985153355805126,-0.0258128608612788,1.04826167020304,-0.0482616702030438
"191",190,0.991348774220918,-0.0334022484206241,1.04478153033877,-0.0447815303387691
"192",191,0.992543277617231,-0.0348655150811078,1.04183964036832,-0.0418396403683223
"193",192,0.984585470834732,-0.0251172017725466,1.05371283582576,-0.053712835825763
"194",193,0.980352881242018,-0.0199322795214723,1.050941544429,-0.0509415444290022
"195",194,0.978878770113587,-0.0181264933891445,1.02856719315125,-0.0285671931512501
"196",195,0.977816441550037,-0.0168251408987948,1.04627421042699,-0.0462742104269862
"197",196,0.985000228856962,-0.0256252803497782,1.05221395391448,-0.0522139539144819
"198",197,0.99019225532594,-0.0319855127742765,1.04549260672787,-0.0454926067278747
"199",198,0.993534457769223,-0.0360797107672982,1.07003307763991,-0.0700330776399116
"200",199,0.980597748914115,-0.0202322424197906,1.02907861182473,-0.0290786118247266
"201",200,0.991725663061729,-0.0338639372506183,1.04490996666358,-0.0449099666635786
"202",201,0.981900460795717,-0.0218280644747535,1.05255189022368,-0.0525518902236819
"203",202,0.996080004281076,-0.0391980052443176,1.051059200068,-0.0510592000680006
"204",203,0.979433360970579,-0.0188058671889594,1.01780062682437,-0.0178006268243669
"205",204,0.979779058551255,-0.0192293467252879,1.02825619331564,-0.0282561933156364
"206",205,0.977103820069752,-0.0159521795854461,1.04200528223567,-0.0420052822356749
"207",206,0.987274638430962,-0.028411432077929,1.04827106372558,-0.0482710637255839
"208",207,0.988707378982454,-0.0301665392535064,1.04647032028509,-0.0464703202850887
"209",208,0.989904043865613,-0.0316324537353757,1.04823821071486,-0.0482382107148644
"210",209,0.978866133661346,-0.0181110137351487,1.05171132288988,-0.0517113228898782
"211",210,0.975054414125328,-0.0134416573035272,1.04576704435584,-0.0457670443558427
"212",211,0.98177983979348,-0.0216803037470126,1.04513878357508,-0.0451387835750836
"213",212,0.977888202253319,-0.0169130477603153,1.05565919940936,-0.0556591994093631
"214",213,0.983673046900593,-0.0239994824532261,1.03994281846964,-0.0399428184696382
"215",214,1.00146699346611,-0.0457970669959799,1.05631608230106,-0.0563160823010589
"216",215,0.982249373948134,-0.0222554830864646,1.05215040775116,-0.0521504077511643
"217",216,0.973182607538766,-0.011148694234988,1.04664145813697,-0.0466414581369745
"218",217,0.971485653173341,-0.0090699251373426,1.02660969903518,-0.0266096990351814
"219",218,0.97759257818029,-0.0165509082708548,1.03742258885169,-0.0374225888516888
"220",219,0.984032764916932,-0.024440137023242,1.03870476731492,-0.0387047673149248
"221",220,0.987190202882972,-0.0283079985316407,1.04202045775487,-0.0420204577548726
"222",221,0.970621353600616,-0.00801115816075401,1.03922666722131,-0.0392266672213133
"223",222,0.981425346130521,-0.0212460490098886,1.04616864037756,-0.0461686403775587
"224",223,0.984490391565667,-0.0250007296679419,1.05115498981272,-0.0511549898127193
"225",224,0.983689823645489,-0.0240200339657237,1.05122571490811,-0.0512257149081135
"226",225,0.987820056451186,-0.0290795691527026,1.04063425368649,-0.0406342536864852
"227",226,0.98165259765724,-0.0215244321301195,1.03924515291063,-0.0392451529106259
"228",227,0.985065187775459,-0.0257048550249373,1.05069138531918,-0.0506913853191766
"229",228,0.981294697172346,-0.0210860040361237,1.04899558950014,-0.048995589500137
"230",229,0.98648428882365,-0.0274432538089711,1.05543185052554,-0.0554318505255411
"231",230,0.985768292823996,-0.0265661587093954,1.05167112211456,-0.0516711221145645
"232",231,0.980299467307291,-0.019866847451432,1.05195576931183,-0.0519557693118271
"233",232,0.983563928655897,-0.0238658126034741,1.04512928439077,-0.0451292843907729
"234",233,0.990154959613109,-0.0319398255260581,1.04934414817306,-0.0493441481730623
"235",234,0.98020662064368,-0.0197531102885079,1.03803633654901,-0.0380363365490071
"236",235,0.998218003391927,-0.0418170541551106,1.04131291491674,-0.0413129149167442
"237",236,0.992597450261468,-0.0349318765702984,1.05417682294089,-0.0541768229408863
"238",237,0.982429299746411,-0.022475892189353,1.04549327653678,-0.0454932765367779
"239",238,0.983753740734203,-0.0240983323993989,1.04874251302392,-0.0487425130239163
"240",239,0.986426513012103,-0.027372478439826,1.05489441675032,-0.0548944167503205
"241",240,0.980958456451405,-0.0206741091529715,1.0502948998106,-0.0502948998105968
"242",241,0.990596475185887,-0.032480682102711,1.04865947554352,-0.0486594755435226
"243",242,0.98471833455422,-0.0252799598289196,1.04781463148861,-0.0478146314886079
"244",243,0.980597787136696,-0.0202322892424531,1.04341794089989,-0.0434179408998894
"245",244,0.98839913478792,-0.0297889401152022,1.05515690055324,-0.0551569005532357
"246",245,0.980812062599325,-0.0204947766841736,1.04539279374134,-0.0453927937413428
"247",246,0.9932374397741,-0.035715863723272,1.04977616853508,-0.0497761685350833
"248",247,0.988674909051968,-0.0301267635886605,1.0510886949927,-0.0510886949927025
"249",248,0.995641689399675,-0.0386610695146022,1.05011074643712,-0.0501107464371198
"250",249,0.986785539822591,-0.0278122862826735,1.05837786790298,-0.0583778679029843
"251",250,0.988843735599473,-0.0303335761093539,1.0504573214218,-0.0504573214218034
"252",251,0.977154751713302,-0.016014570848795,1.04781926319932,-0.0478192631993173
"253",252,0.983528749310611,-0.0238227179054984,1.05149952630019,-0.0514995263001865
"254",253,0.987744683867278,-0.0289872377374151,1.03619463576993,-0.0361946357699263
"255",254,0.983269726112684,-0.0235054144880378,1.05076387104995,-0.0507638710499516
"256",255,0.989232706889727,-0.0308100659399154,1.04498038483023,-0.0449803848302299
"257",256,0.986024681979188,-0.0268802354245049,1.03981146957746,-0.0398114695774634
"258",257,0.97866658104504,-0.0178665617801743,1.03657083501387,-0.036570835013868
"259",258,0.986739809651911,-0.0277562668235911,1.03333134182084,-0.0333313418208445
"260",259,0.981298291044054,-0.0210904065289665,1.03479115182241,-0.0347911518224098
"261",260,0.98585877354335,-0.0266769975906034,1.05287054793375,-0.0528705479337537
"262",261,0.987277505397026,-0.0284149441113569,1.05022645495605,-0.0502264549560489
"263",262,0.98735754670952,-0.0285129947191624,1.04811440413014,-0.0481144041301416
"264",263,0.983532065082283,-0.0238267797257964,1.05166961659654,-0.051669616596542
"265",264,0.993447033000259,-0.0359726154253173,1.04945897175486,-0.0494589717548624
"266",265,0.98709360416141,-0.0281896650977271,1.05306065775555,-0.0530606577555521
"267",266,0.993445445419188,-0.0359706706385057,1.04924107563075,-0.0492410756307522
"268",267,0.990101855430567,-0.0318747729024445,1.04722920628632,-0.0472292062863198
"269",268,0.979438150082211,-0.0188117338507084,1.05387282710152,-0.0538728271015163
"270",269,0.984421364873555,-0.0249161719701046,1.05342260666364,-0.053422606663641
"271",270,0.987642639827114,-0.0288622337882149,1.05377880250107,-0.0537788025010721
"272",271,0.984478981878148,-0.0249867528007317,1.05503285398675,-0.0550328539867508
"273",272,0.983990248653054,-0.0243880545999911,1.05175174695265,-0.0517517469526461
"274",273,0.981405465472069,-0.0212216952032846,1.05028461709197,-0.0502846170919733
"275",274,0.986379984047151,-0.0273154804577596,1.04922469897997,-0.0492246989799714
"276",275,0.990064437712196,-0.0318289361974399,1.05118412673966,-0.0511841267396631
"277",276,0.987363588926057,-0.0285203964344201,1.05557232243002,-0.0555723224300204
"278",277,0.987984037555831,-0.0292804460058928,1.05818948625847,-0.058189486258466
"279",278,0.985274007275044,-0.0259606589119294,1.05579938016379,-0.0557993801637884
"280",279,0.990038781214761,-0.0317975069880818,1.05086146278683,-0.0508614627868333
"281",280,0.989773339543822,-0.0314723409411823,1.05463955830589,-0.0546395583058943
"282",281,0.987868490898764,-0.0291389013509862,1.0495505093724,-0.0495505093723989
"283",282,0.987950406578674,-0.0292392480588754,1.05182923597683,-0.0518292359768251
"284",283,0.985900070271297,-0.0267275860823394,1.05275459985585,-0.0527545998558523
"285",284,0.986090239034488,-0.0269605428172473,1.05750189656576,-0.0575018965657637
"286",285,0.983934312723934,-0.0243195330868187,1.05534756899689,-0.055347568996895
"287",286,0.989041553905799,-0.0305759035346038,1.04099215637693,-0.0409921563769289
"288",287,0.984887248516123,-0.0254868794322502,1.05693911908178,-0.0569391190817792
"289",288,0.980436600117404,-0.0200348351438193,1.04845675854851,-0.0484567585485089
"290",289,0.985166166795167,-0.0258285543240797,1.04601519819618,-0.0460151981961774
"291",290,0.987341968933404,-0.0284939119434193,1.0546727425621,-0.0546727425621012
"292",291,0.987016036425932,-0.0280946446217666,1.05476054881725,-0.0547605488172498
"293",292,0.988329136715089,-0.0297031924759835,1.0544528494433,-0.0544528494433036
"294",293,0.985310786671874,-0.0260057136730455,1.04734543198896,-0.0473454319889612
"295",294,0.985733639670783,-0.0265237085967091,1.05628838248902,-0.056288382489021
"296",295,0.986670102673008,-0.0276708757744347,1.06817510158886,-0.068175101588865
"297",296,0.984472998308276,-0.0249794229276375,1.05008972482141,-0.0500897248214092
"298",297,0.995272382376973,-0.0382086684117915,1.06032019481756,-0.060320194817562
"299",298,0.99488022501216,-0.0377282756398959,1.04741478788082,-0.0474147878808171
"300",299,0.987856348444241,-0.0291240268441948,1.05288793117765,-0.0528879311776504
"301",300,0.989051188180549,-0.030587705521172,1.05717186563052,-0.057171865630516
"302",301,0.988964378717078,-0.0304813639284209,1.05178693130212,-0.0517869313021235
"303",302,0.977354030184581,-0.0162586869761112,1.04419001486064,-0.0441900148606393
"304",303,0.983093737871247,-0.023289828892277,1.04822178058865,-0.0482217805886522
"305",304,0.984530686831804,-0.0250500913689595,1.05115885314785,-0.0511588531478511
"306",305,0.982946101840114,-0.0231089747541395,1.04877719894648,-0.0487771989464805
"307",306,0.977770553912185,-0.0167689285424269,1.05150263696645,-0.0515026369664531
"308",307,0.985236858773612,-0.0259151519976747,1.05449641849443,-0.0544964184944283
"309",308,0.998645063255358,-0.0423402024878135,1.06047153086967,-0.0604715308696691
"310",309,0.981399708526669,-0.0212146429451701,1.06474788198002,-0.0647478819800245
"311",310,0.985738947041963,-0.0265302101264044,1.05960773296634,-0.0596077329663409
"312",311,0.986587750607552,-0.0275699944942506,1.0569909396245,-0.0569909396244961
"313",312,0.984162314999057,-0.0245988358738445,1.05023824294858,-0.0502382429485759
"314",313,0.986476733923801,-0.0274339990566556,1.05757363798776,-0.0575736379877561
"315",314,0.982237533965137,-0.0222409791072934,1.04748508945393,-0.0474850894539303
"316",315,0.986436216825293,-0.0273843656109842,1.05657933729069,-0.0565793372906884
"317",316,0.984380863545871,-0.0248665578436918,1.05824516143421,-0.0582451614342132
"318",317,0.984433913251352,-0.0249315437329067,1.05464962887413,-0.0546496288741305
"319",318,0.989700728567242,-0.031383392494871,1.05746528445927,-0.0574652844592662
"320",319,0.985476749333845,-0.02620901793396,1.05157154749775,-0.0515715474977498
"321",320,0.979616735617379,-0.0190305011312891,1.06262896460568,-0.0626289646056819
"322",321,0.984740367339053,-0.0253069499903401,1.05709640948771,-0.0570964094877116
"323",322,0.992124411245337,-0.0343524037755373,1.05722900825046,-0.057229008250461
"324",323,0.985221107081464,-0.0258958561747932,1.06493553866527,-0.0649355386652664
"325",324,0.988169798288313,-0.0295080029031828,1.05290889305927,-0.0529088930592692
"326",325,0.983827244326152,-0.0241883742995364,1.05985970527621,-0.0598597052762142
"327",326,0.979836593884827,-0.0192998275089127,1.04963567963051,-0.04963567963051
"328",327,0.98600634425256,-0.0268577717093858,1.0613704090495,-0.0613704090495018
"329",328,0.98984904200185,-0.0315650764522668,1.05184678900587,-0.0518467890058731
"330",329,0.985936016393187,-0.0267716200816544,1.04854757180681,-0.0485475718068076
"331",330,0.986284922662208,-0.0271990302612054,1.06839405260796,-0.0683940526079623
"332",331,0.986595123991909,-0.027579026890089,1.0619338202807,-0.0619338202806974
"333",332,0.98814058284356,-0.0294722139833613,1.05062721900928,-0.0506272190092769
"334",333,0.985959625653886,-0.0268005414260106,1.06006666645257,-0.0600666664525737
"335",334,0.98643683513023,-0.0273851230345315,1.05337440865261,-0.0533744086526087
"336",335,0.987752556548438,-0.0289968817718366,1.05452356772099,-0.0545235677209945
"337",336,0.987790015776808,-0.0290427693265904,1.05964170983309,-0.0596417098330859
"338",337,0.994559254300757,-0.0373350865184274,1.06498577039859,-0.0649857703985888
"339",338,0.982565244032236,-0.0226424239394887,1.04966338135867,-0.0496633813586718
"340",339,0.98495876034944,-0.0255744814280638,1.04797905924867,-0.0479790592486686
"341",340,0.982334426249529,-0.0223596721556729,1.06466355181498,-0.0646635518149834
"342",341,0.99173239688324,-0.0338721861819693,1.06277315695551,-0.062773156955509
"343",342,0.987148303102415,-0.0282566713004583,1.05470822663878,-0.0547082266387831
"344",343,0.988641439528748,-0.0300857634227161,1.05868891607899,-0.0586889160789912
"345",344,0.990997032758831,-0.0329713651295684,1.05848895897369,-0.0584889589736908
"346",345,0.992272020780317,-0.0345332254558884,1.06684835768645,-0.0668483576864507
"347",346,0.980374624988701,-0.019958915611159,1.05305764246599,-0.0530576424659877
"348",347,0.993281202609881,-0.0357694731971046,1.05743666869635,-0.0574366686963539
"349",348,0.984696222021012,-0.02525287197574,1.05769763192372,-0.0576976319237217
"350",349,0.985733981787637,-0.0265241276898559,1.04881393348498,-0.0488139334849833
"351",350,0.998464810453713,-0.0421193928057979,1.05858428663997,-0.0585842866399671
"352",351,0.981619093046984,-0.021483388982556,1.05577138651532,-0.0557713865153195
"353",352,0.998392429703154,-0.0420307263863642,1.05985497140776,-0.059854971407757
"354",353,0.980836362385,-0.0205245439216251,1.05322382648626,-0.053223826486257
"355",354,0.983232153577757,-0.0234593881327519,1.0464091014981,-0.0464091014981025
"356",355,0.99174025864964,-0.0338818168458091,1.06391166672693,-0.0639116667269284
"357",356,0.984114175363852,-0.0245398648207189,1.05598453531595,-0.0559845353159536
"358",357,0.996137987020347,-0.0392690340999247,1.07361971357754,-0.0736197135775412
"359",358,0.988517133506183,-0.0299334885450744,1.05992384707556,-0.0599238470755641
"360",359,1.00362543392953,-0.0484411565636803,1.05384110241638,-0.053841102416377
"361",360,0.97940838029332,-0.0187752658593175,1.03605617512509,-0.036056175125087
"362",361,0.987846984338271,-0.0291125558143816,1.05853485459915,-0.0585348545991524
"363",362,0.99093089751211,-0.0328903494523354,1.05400053603397,-0.0540005360339686
"364",363,0.980653476882143,-0.0203005091806253,1.04959257208261,-0.0495925720826069
"365",364,0.985264124210004,-0.0259485521572545,1.05256502469994,-0.0525650246999427
"366",365,0.980327052476517,-0.0199006392837329,1.05876446685843,-0.0587644668584324
"367",366,0.98451410658016,-0.0250297805606964,1.04652312978357,-0.0465231297835726
"368",367,0.983800374816047,-0.0241554591496581,1.04833726740123,-0.048337267401229
"369",368,0.989267753427816,-0.0308529979490749,1.0631452948521,-0.0631452948520961
"370",369,0.985712123406512,-0.026497351172977,1.05121005736491,-0.0512100573649132
"371",370,0.996673575043153,-0.0399251294278622,1.05799751435585,-0.0579975143558475
"372",371,0.987154257896691,-0.0282639659234463,1.05914181713985,-0.0591418171398479
"373",372,0.993741001040484,-0.0363327262745928,1.04996527948595,-0.0499652794859466
"374",373,0.992076070093255,-0.0342931858642378,1.06794942194426,-0.067949421944264
"375",374,0.989870692599632,-0.0315915984345495,1.04842980268625,-0.0484298026862457
"376",375,0.980127888998089,-0.0196566640226586,1.05454061909106,-0.0545406190910589
"377",376,0.977782291166596,-0.0167833066790798,1.04907828263857,-0.0490782826385696
"378",377,0.986958735573389,-0.028024451077401,1.05650095282843,-0.0565009528284277
"379",378,0.988797551247063,-0.0302770002776526,1.04713765673609,-0.0471376567360948
"380",379,0.995803762907061,-0.0388596095611494,1.0648195530532,-0.0648195530531956
"381",380,0.984636003501444,-0.0251791042892689,1.04399298877182,-0.0439929887718191
"382",381,0.975467004104013,-0.0139470800274154,1.03290470238913,-0.0329047023891276
"383",382,0.987688821682044,-0.028918806560504,1.04616008109267,-0.0461600810926721
"384",383,0.986715372640091,-0.0277263314841115,1.05926447839984,-0.0592644783998391
"385",384,0.989205895490866,-0.0307772219763109,1.03624353402955,-0.0362435340295502
"386",385,0.984591125354591,-0.0251241285593737,1.03329273812372,-0.0332927381237198
"387",386,1.01388106296738,-0.0610043021350345,1.05279866904789,-0.0527986690478861
"388",387,0.973056282002437,-0.010993945452985,1.03200518696117,-0.0320051869611659
"389",388,1.0032983202,-0.0480404422449977,1.03222670276229,-0.0322267027622929
"390",389,1.00746953058586,-0.0531501749676764,1.04506707864962,-0.0450670786496179
"391",390,0.986622057246355,-0.027612020126785,1.03643434701203,-0.0364343470120343
"392",391,0.984178441040181,-0.0246185902742214,1.02712467834938,-0.0271246783493766
"393",392,0.994360873454044,-0.0370920699812042,1.03153140814415,-0.0315314081441458
"394",393,0.988142192634951,-0.0294741859778152,1.00994286679664,-0.00994286679663792
"395",394,0.996042513002351,-0.0391520784278795,1.01509812080818,-0.0150981208081837
"396",395,0.815096829009362,0.182506384463532,0.595472108438964,0.404527891561036
"397",396,0.78833411803986,0.215290705401171,0.588640747970494,0.411359252029506
"398",397,0.795526574878215,0.206479945774187,0.586963747530076,0.413036252469924
"399",398,0.836195244413455,0.156660825593518,0.595959191033926,0.404040808966074
"400",399,0.797072062901869,0.20458672294521,0.63222075545722,0.36777924454278
"401",400,0.798490919522947,0.20284862358439,0.594774242702422,0.405225757297578
"402",401,0.780167090040081,0.225295314700901,0.585800235063148,0.414199764936852
"403",402,0.825305971909413,0.17000018441097,0.592601002426675,0.407398997573325
"404",403,0.826838453666359,0.16812289425871,0.599846182594695,0.400153817405305
"405",404,0.839684855155198,0.152386052434882,0.593589803041305,0.406410196958695
"406",405,0.840137096387963,0.151832056924745,0.585251929654189,0.414748070345811
"407",406,0.842485381103533,0.148955408148172,0.591000599944071,0.408999400055929
"408",407,0.831601487534059,0.162288177770777,0.575223744402731,0.424776255597269
"409",408,0.859731824207976,0.12782851534523,0.555359685395836,0.444640314604164
"410",409,0.834770111608868,0.158406613279137,0.601314768188923,0.398685231811077
"411",410,0.834389973499345,0.158872282463302,0.581229883123099,0.418770116876901
"412",411,0.849197067816255,0.140733591925088,0.578452083773471,0.421547916226529
"413",412,0.832688357044168,0.160956762620894,0.580021443358627,0.419978556641373
"414",413,0.863031870941835,0.123785958096252,0.582039515354167,0.417960484645833
"415",414,0.855786664655403,0.132661335797132,0.586400020331827,0.413599979668173
"416",415,0.870994491695648,0.114031747672831,0.584444859848693,0.415555140151307
"417",416,0.883737409348035,0.0984216735486575,0.58869471436829,0.41130528563171
"418",417,0.853070577522591,0.135988542534826,0.600046125273398,0.399953874726602
"419",418,0.851623323585373,0.137761428607918,0.592168383232633,0.407831616767367
"420",419,0.891913279789893,0.088406232257381,0.593431169406673,0.406568830593327
"421",420,0.884865942705771,0.0970392201854304,0.584243730370165,0.415756269629835
"422",421,0.880052617265953,0.102935543849207,0.617136709640906,0.382863290359094
"423",422,0.885316915928811,0.0964867779872064,0.611460405011648,0.388539594988352
"424",423,0.880486344481932,0.102404228009634,0.611614299752225,0.388385700247775
"425",424,0.904312165463644,0.0732175973070365,0.632290766324898,0.367709233675102
"426",425,0.932000902404378,0.0392988945546374,0.62671845429467,0.37328154570533
"427",426,0.917241699839467,0.0573789176966532,0.621993221470935,0.378006778529065
"428",427,0.946695506300673,0.021298004781676,0.686630500263298,0.313369499736702
"429",428,0.937187422265061,0.0329454077253007,0.643916316891834,0.356083683108166
"430",429,0.93509878404213,0.0355039895483902,0.634958655271369,0.365041344728631
"431",430,0.953528852267018,0.0129271559729027,0.671156911271528,0.328843088728472
"432",431,0.939629930364341,0.0299533353036826,0.684356492610281,0.315643507389719
"433",432,0.990214819830694,-0.0320131542926002,0.679183478710691,0.320816521289309
"434",433,0.993701540563671,-0.0362843871904967,0.72730593105901,0.27269406894099
"435",434,0.964220035368684,-0.000169543326637697,0.728634762101471,0.271365237898529
"436",435,0.990265755968559,-0.0320755510614854,0.774466856586821,0.225533143413179
"437",436,0.985234554142726,-0.0259123288248392,0.871463718097182,0.128536281902818
"438",437,0.966104657333258,-0.00247820523324065,0.871782660609293,0.128217339390707
"439",438,0.924011608115287,0.0490857800587735,0.888448685905218,0.111551314094782
"440",439,0.966439961279948,-0.00288895256793605,0.903802379791683,0.0961976202083168
"441",440,0.960686781769114,0.00415869233283517,0.944791749223377,0.0552082507766229
"442",441,0.993051351513453,-0.0354879056039801,0.93659322614814,0.0634067738518601
"443",442,0.991927874042357,-0.0341116457018878,0.929973771780633,0.070026228219367
"444",443,0.999999775471219,-0.0439997249522435,0.921003246753871,0.0789967532461291
"445",444,0.984324516405212,-0.024797532596385,0.942884416414938,0.0571155835850624
"446",445,0.987533146116777,-0.0287281039930522,0.971390401083365,0.0286095989166349
"447",446,0.969665097845018,-0.00683974486014674,0.916183307036714,0.0838166929632862
"448",447,0.973024634250685,-0.0109551769570895,0.956752179365712,0.0432478206342883
"449",448,0.96747468091645,-0.00415648412265091,0.918259045126876,0.0817409548731243
"450",449,0.930472496521693,0.0411711917609267,0.944443057556167,0.0555569424438326
"451",450,1.00130708544355,-0.0456011796683525,0.969367919650049,0.030632080349951
"452",451,0.970408710585943,-0.00775067046778061,0.93079718577098,0.0692028142290203
"453",452,0.967519825892556,-0.004211786718381,0.958788475435306,0.0412115245646938
"454",453,0.962913691150799,0.00143072834027184,0.93685050535831,0.0631494946416897
"455",454,0.939768330349334,0.0297837953220653,0.934704252155595,0.0652957478444046
"456",455,0.933025707480959,0.0380435083358248,0.904519774190689,0.0954802258093106
"457",456,0.962325933134759,0.00215073190991968,0.969347235684594,0.0306527643154064
"458",457,0.990889663380701,-0.0328398376413584,0.99950817177433,0.000491828225669844
"459",458,0.914681159370712,0.0605155797708772,0.960124861078665,0.0398751389213348
"460",459,0.989176701923705,-0.0307414598565385,1.0336009006158,-0.0336009006158002
"461",460,0.949158785717201,0.0182804874964289,0.968379123530053,0.0316208764699466
"462",461,1.00264169326683,-0.0472360742518668,1.02236357681213,-0.0223635768121309
"463",462,0.963328836088071,0.000922175792112533,1.0506546352391,-0.0506546352390984
"464",463,0.969261997873084,-0.00634594739452787,1.02561117942132,-0.0256111794213201
"465",464,0.983421191441386,-0.0236909595156983,0.987463907957839,0.0125360920421611
"466",465,0.99925936766842,-0.0430927253938148,0.950379968851092,0.0496200311489083
"467",466,1.01410868118769,-0.0612831344549195,0.951407718543082,0.0485922814569181
"468",467,0.998247624835981,-0.0418533404240765,0.967505545453799,0.0324944545462009
"469",468,0.952167283813312,0.014595077328693,1.00607562967978,-0.00607562967978148
"470",469,0.934618069243686,0.036092865176485,0.914151606162271,0.0858483938377289
"471",470,1.02088935607235,-0.0695894611886246,1.04458269305002,-0.0445826930500248
"472",471,0.956414082966021,0.00939274836662369,1.00142712711143,-0.00142712711142567
"473",472,0.933799118726777,0.0370960795596983,0.995533746528598,0.00446625347140217
"474",473,0.991524677525607,-0.0336177299688683,0.92985483333652,0.0701451666634797
"475",474,0.980857202293404,-0.0205500728094196,0.952416790502245,0.047583209497755
"476",475,0.939205406954159,0.0304733764811547,0.933046521048191,0.066953478951809
"477",476,0.980783791785191,-0.0204601449368596,0.950132239264439,0.0498677607355613
"478",477,0.983874747297895,-0.0242465654399216,0.967369442321976,0.0326305576780238
"479",478,0.98329261856765,-0.0235334577453714,0.97862601273803,0.0213739872619699
"480",479,0.992132132566411,-0.034361862393853,1.04917283115054,-0.0491728311505386
"481",480,1.004663518343,-0.0497128099701719,0.991938704232327,0.008061295767673
"482",481,0.99825228482534,-0.0418590489110418,1.07735475677454,-0.0773547567745354
"483",482,0.953079791653568,0.0134772552243786,0.971137609354681,0.0288623906453188
"484",483,0.978058278797729,-0.0171213915272176,0.983065762825501,0.0169342371744989
"485",484,0.967566360765021,-0.00426879193715127,0.970681105438473,0.0293188945615274
"486",485,0.973028384751831,-0.0109597713209925,0.986762924620602,0.0132370753793983
"487",486,0.944894276363244,0.023504511455026,0.970266880047646,0.0297331199523538
"488",487,0.989938774975173,-0.0316749993445872,1.00160111109284,-0.00160111109284489
"489",488,1.01131793043293,-0.0578644647803377,1.00492885132097,-0.00492885132097043
"490",489,0.969959553988696,-0.00720045363615306,1.01644991630518,-0.0164499163051763
"491",490,0.983320039676839,-0.0235670486041282,0.977861612866201,0.0221383871337987
"492",491,0.969555619555484,-0.00670563395546759,1.02171048687886,-0.0217104868788611
"493",492,0.96292306457477,0.00141924589590709,1.02431245446545,-0.0243124544654503
"494",493,0.995565118541343,-0.0385672702131446,1.03212650473325,-0.0321265047332451
"495",494,0.998771723351475,-0.0424953611055566,0.990123220224543,0.0098767797754572
"496",495,1.00856130604401,-0.0544875999039119,1.01403315646304,-0.0140331564630423
"497",496,0.997205320650826,-0.0405765177972619,1.01896797637042,-0.0189679763704236
"498",497,0.980667927949332,-0.020318211737932,0.990719556823199,0.0092804431768011
"499",498,0.96777245702309,-0.00452125985328566,1.01061844867421,-0.0106184486742065
"500",499,0.990384193881374,-0.0322206375046834,0.99945324194873,0.000546758051270468
"501",500,0.964826768743757,-0.000912791711102798,0.98446964974383,0.0155303502561702
"502",501,0.994075876352497,-0.036742948531809,1.00743250349615,-0.00743250349615021
"503",502,0.989083299690477,-0.0306270421208341,1.02545870009474,-0.0254587000947397
"504",503,0.9762430572228,-0.0148977450979302,0.993536889145292,0.00646311085470774
"505",504,1.00579785599024,-0.0511023735880422,1.01449756310179,-0.0144975631017901
"506",505,0.982141034115914,-0.0221227667919943,1.05970209072272,-0.0597020907227153
"507",506,1.01820100232767,-0.0662962278513963,1.04693152506258,-0.0469315250625821
"508",507,0.970413653352626,-0.00775672535696735,1.01220643160373,-0.012206431603734
"509",508,0.994638186214277,-0.0374317781124899,1.0241437638543,-0.0241437638542981
"510",509,1.005686553381,-0.0509660278917269,1.04942519315705,-0.0494251931570473
"511",510,1.00253041696852,-0.0470997607864398,1.01704136911996,-0.0170413691199642
"512",511,0.994423262013706,-0.0371684959667903,1.03232099529877,-0.0323209952987713
"513",512,0.997762119144061,-0.0412585959514746,1.01343865944677,-0.0134386594467686
"514",513,0.958089414216623,0.00734046758463728,0.988187042875761,0.0118129571242395
"515",514,0.952066893517955,0.0147180554405052,1.02558769706111,-0.0255876970611053
"516",515,0.96399889944412,0.000101348180953025,1.01578312886208,-0.0157831288620784
"517",516,0.958591200963484,0.00672577881973178,1.01044337953945,-0.0104433795394492
"518",517,0.991827320617208,-0.0339884677560793,1.01662187433235,-0.0166218743323525
"519",518,0.999593083521167,-0.0435015273134295,1.01231298243204,-0.0123129824320363
"520",519,0.998739462355389,-0.0424558413853517,1.02753045199606,-0.0275304519960597
"521",520,0.990192022273779,-0.031985227285379,1.0308202119834,-0.0308202119834
"522",521,0.985112924576806,-0.0257633326065877,1.06632501124046,-0.0663250112404594
"523",522,0.991678598603623,-0.0338062832894385,1.05127417849111,-0.051274178491113
"524",523,0.996231910666769,-0.0393840905667914,1.03705987879839,-0.0370598787983938
"525",524,0.970641551534943,-0.00803590063030506,0.98812438535224,0.0118756146477599
"526",525,0.994774469655452,-0.037598725327929,1.04425353164084,-0.0442535316408417
"527",526,0.993373154756781,-0.0358821145770562,1.01954663264207,-0.0195466326420652
"528",527,0.980014050924183,-0.0195172123821248,1.0260901342974,-0.0260901342973991
"529",528,0.984640845667038,-0.0251850359421216,0.990502507852034,0.00949749214796569
"530",529,0.972195698008378,-0.0099397300602628,1.02223574814847,-0.0222357481484701
"531",530,0.991700616115528,-0.0338332547415223,1.01229956783303,-0.0122995678330324
"532",531,1.0088913297471,-0.054891878940197,1.06099615709186,-0.0609961570918587
"533",532,0.966773039405949,-0.00329697327228745,1.01638311209176,-0.0163831120917604
"534",533,0.984250877015711,-0.024707324344246,1.05052262432103,-0.0505226243210259
"535",534,0.994692272316234,-0.0374980335873867,1.03267035573452,-0.0326703557345231
"536",535,1.00909631308585,-0.0551429835301645,1.03054608687642,-0.0305460868764218
"537",536,0.966216048418759,-0.00261465931297959,1.03648843180809,-0.0364884318080896
"538",537,0.979376039482307,-0.0187356483658263,1.04045606693956,-0.0404560669395579
"539",538,0.984032987117606,-0.0244404092190676,1.0382274543748,-0.0382274543748033
"540",539,0.968947272259399,-0.00596040851776367,1.03613718856314,-0.0361371885631441
"541",540,0.974215026548369,-0.0124134075217522,1.01703887349327,-0.0170388734932678
"542",541,0.973769723939366,-0.0118679118257238,1.03024060521741,-0.0302406052174107
"543",542,0.971142547557459,-0.0086496207578874,1.04609697796682,-0.0460969779668183
"544",543,0.979760722578902,-0.0192068851591551,1.00754855385846,-0.00754855385846032
"545",544,0.975811672716531,-0.0143692990777506,1.02728908122259,-0.0272890812225874
"546",545,0.984034625515293,-0.0244424162562333,1.03024843771468,-0.0302484377146797
"547",546,1.0042682438501,-0.0492285987163745,1.04813574752698,-0.0481357475269806
"548",547,0.989295555583086,-0.0308870555892804,1.04721513044489,-0.0472151304448944
"549",548,0.997060078367381,-0.040398596000042,1.0361963751686,-0.0361963751685979
"550",549,0.989529051112355,-0.0311730876126354,1.04759044091735,-0.0475904409173518
"551",550,0.99467855552561,-0.0374812305188724,1.04371179785242,-0.0437117978524193
"552",551,1.00625170111799,-0.0516583338695414,1.05054838239659,-0.0505483823965913
"553",552,0.991623449145626,-0.0337387252033918,1.033764358006,-0.0337643580059968
"554",553,0.981603061356672,-0.0214637501619227,1.03286457087042,-0.0328645708704192
"555",554,0.982233437842577,-0.0222359613571571,1.01305375964305,-0.0130537596430538
"556",555,0.973118575418909,-0.0110702548881638,1.02105923489157,-0.0210592348915661
"557",556,1.01220565731973,-0.0589519302166744,1.03079270819445,-0.0307927081944515
"558",557,0.998526470219288,-0.0421949260186276,1.02825554492483,-0.0282555449248332
"559",558,0.992781706271756,-0.0351575901829008,1.02545320124251,-0.0254532012425084
"560",559,0.980721220195452,-0.0203834947394282,1.03069739419932,-0.0306973941993192
"561",560,0.973131684327545,-0.0110863133012424,1.02099919070448,-0.0209991907044833
"562",561,0.993855527726471,-0.0364730214649271,1.03601014674463,-0.0360101467446321
"563",562,0.975235344523645,-0.0136632970414651,1.04877080803786,-0.048770808037861
"564",563,1.00674872847359,-0.0522671923801435,1.03045367767847,-0.0304536776784678
"565",564,0.992705756056314,-0.035064551168984,1.07177464972523,-0.0717746497252327
"566",565,1.0051312830439,-0.0502858217287733,1.04595354067472,-0.0459535406747158
"567",566,1.00869403236565,-0.0546501896479247,1.03230315674296,-0.0323031567429621
"568",567,0.993201325216769,-0.0356716233905418,1.00931207784906,-0.00931207784906385
"569",568,0.994253537540726,-0.0369605834873891,1.02113584428879,-0.0211358442887917
"570",569,0.994819748936466,-0.0376541924471703,1.06136201973984,-0.0613620197398352
"571",570,0.983574426785184,-0.0238786728118499,1.06988830094329,-0.0698883009432871
"572",571,0.957755475995546,0.00774954190545561,1.03391549911922,-0.0339154991192221
"573",572,0.989774567472308,-0.0314738451535775,1.03156492450761,-0.0315649245076093
"574",573,0.988093723428853,-0.0294148112003452,1.03490967722509,-0.0349096772250928
"575",574,0.991094014998792,-0.0330901683735208,1.14422996958103,-0.144229969581032
"576",575,0.993348542798736,-0.0358519649284513,1.04417256652826,-0.0441725665282564
"577",576,0.996965965226987,-0.0402833074030589,1.01648015293596,-0.0164801529359557
"578",577,0.941088156273954,0.0281670085644063,0.99554404106283,0.00445595893717021
"579",578,0.988427036829759,-0.029823120116455,1.03934460068615,-0.0393446006861513
"580",579,0.99211419779559,-0.0343398922995978,1.02045496156176,-0.02045496156176
"581",580,1.00331848860138,-0.0480651485366921,1.08752106370205,-0.087521063702054
"582",581,0.976899481231374,-0.0157018645084333,1.04766314131203,-0.0476631413120259
"583",582,0.990644652279208,-0.0325396990420292,1.02075477828724,-0.0207547782872419
"584",583,1.02180737985225,-0.0707140403190014,1.04078861223685,-0.0407886122368517
"585",584,0.982890120719455,-0.0230403978813321,1.0494322820201,-0.0494322820200979
"586",585,0.98552980783866,-0.0262740146023586,1.0089409310518,-0.00894093105179694
"587",586,0.999618673735944,-0.0435328753265312,1.04782948782004,-0.0478294878200378
"588",587,0.944000983625852,0.0245987950583318,0.954513934297961,0.0454860657020391
"589",588,0.976832342450163,-0.0156196195014497,1.07055143948942,-0.0705514394894171
"590",589,0.991383497000967,-0.0334447838261845,1.03222612905374,-0.0322261290537416
"591",590,0.978936704981799,-0.0181974636027035,1.02237199870096,-0.0223719987009574
"592",591,0.982940858326413,-0.0231025514498558,1.04197941229586,-0.0419794122958563
"593",592,0.997771580181468,-0.0412701857222978,1.0661233698809,-0.0661233698809032
"594",593,1.01310860146099,-0.0600580367897174,1.04910590895007,-0.0491059089500683
"595",594,1.00834095298797,-0.0542176674102571,1.0909993903596,-0.0909993903595958
"596",595,1.00462273466888,-0.0496628499693759,1.01193840375171,-0.0119384037517125
"597",596,0.960863509753755,0.00394220055164971,1.02905509000308,-0.0290550900030806
"598",597,0.985719332699988,-0.026506182557485,1.03649475493733,-0.0364947549373271
"599",598,1.00207339687773,-0.0465399111752209,1.0145327944333,-0.0145327944333014
"600",599,0.965149517274572,-0.00130815866135068,1.03075187039469,-0.0307518703946943
"601",600,0.965945901924096,-0.00228372985701734,1.0027547530649,-0.00275475306490414
"602",601,0.975249663189135,-0.0136808374066905,1.0153479730963,-0.0153479730962993
"603",602,0.978392624800482,-0.0175309653805909,1.0163559469684,-0.0163559469683983
"604",603,0.989648574027411,-0.0313195031835785,1.01382581138137,-0.0138258113813696
"605",604,1.00035471027597,-0.0444345200880589,1.05372500884259,-0.0537250088425927
"606",605,0.952259828009602,0.0144817106882371,1.01119890139906,-0.011198901399061
"607",606,0.979384761920108,-0.0187463333521322,1.02932160285008,-0.0293216028500838
"608",607,0.977295266591943,-0.0161867015751303,1.03991753429653,-0.0399175342965334
"609",608,0.973467922038161,-0.0114982044967472,1.01429302264795,-0.0142930226479474
"610",609,1.0015247007746,-0.0458677584488828,1.02093438309229,-0.0209343830922946
"611",610,0.992221484944434,-0.0344713190569319,1.02741271582756,-0.0274127158275614
"612",611,0.979916978105372,-0.0193982981790813,1.01908186087278,-0.0190818608727832
"613",612,0.934068293140813,0.0367663409025037,0.91594723404083,0.0840527659591702
"614",613,0.977929656356008,-0.0169638290361094,1.02889809964351,-0.0288980996435142
"615",614,0.985198096031561,-0.025867667638662,1.02160350291164,-0.0216035029116379
"616",615,0.983276145404841,-0.0235132781209305,1.01204652188571,-0.0120465218857062
"617",616,0.989330126073786,-0.0309294044403874,1.01657800206469,-0.0165780020646948
"618",617,0.982274578469312,-0.0222863586249069,1.02635763631695,-0.0263576363169511
"619",618,0.968302591825463,-0.00517067498619172,1.00709624789034,-0.00709624789034446
"620",619,0.999824459922974,-0.0437849634056426,1.01239172573175,-0.0123917257317545
"621",620,0.964462923870964,-0.000467081741930345,1.00454408965814,-0.00454408965814301
"622",621,0.965880433718687,-0.00220353130539135,1.00450179224312,-0.0045017922431172
"623",622,0.950019592835361,0.017225998776683,0.979677936382481,0.0203220636175185
"624",623,0.986457783539187,-0.0274107848355037,1.01966336467778,-0.0196633646777846
"625",624,0.973632594378698,-0.0116999281139052,0.975749830126063,0.0242501698739374
"626",625,0.980221710733901,-0.0197715956490291,0.967150194501988,0.0328498054980115
"627",626,0.97244660367162,-0.010247089497735,1.01493476311907,-0.0149347631190679
"628",627,0.994375518605061,-0.0371100102911992,0.987564084016702,0.0124359159832982
"629",628,1.0286690712066,-0.0791196122280793,1.05886099872981,-0.0588609987298068
"630",629,0.999702267983295,-0.0436352782795362,1.01247755746687,-0.012477557466869
"631",630,0.991868230773116,-0.0340385826970673,0.979416144827962,0.0205838551720379
"632",631,0.991387621473219,-0.0334498363046936,1.00895536146142,-0.00895536146142284
"633",632,0.966016129210906,-0.00236975828335952,1.00266975927514,-0.00266975927514257
"634",633,0.973699937295068,-0.0117824231864584,1.02189558627301,-0.0218955862730148
"635",634,0.975931107889354,-0.0145156071644584,0.996858458929062,0.00314154107093778
"636",635,0.985112731517936,-0.0257630961094713,0.992352184594516,0.00764781540548398
"637",636,0.972865400754342,-0.0107601159240691,0.956870022140709,0.0431299778592905
"638",637,0.951695219646324,0.0151733559332527,1.02616118724917,-0.026161187249168
"639",638,0.99067140965111,-0.0325724768226096,0.982767981361,0.0172320186389996
"640",639,0.959667696378923,0.00540707193581876,0.934004450365881,0.0659955496341188
"641",640,1.0042126529187,-0.0491604998254084,1.01132235214098,-0.0113223521409826
"642",641,0.975577559213277,-0.0140825100362649,0.985307960503877,0.0146920394961232
"643",642,1.02833285088124,-0.0787077423295195,1.04588115357089,-0.0458811535708934
"644",643,0.965147567096701,-0.00130576969345847,1.06482914230393,-0.0648291423039313
"645",644,0.997992727478779,-0.0415410911615048,0.976167576626629,0.0238324233733707
"646",645,0.99939002553053,-0.0432527812748991,0.999584006882477,0.000415993117523383
"647",646,0.97155129731004,-0.00915033920479855,1.0588659815176,-0.0588659815175956
"648",647,1.03403031735302,-0.0856871387574521,1.05010239504012,-0.0501023950401234
"649",648,0.969459962317792,-0.00658845383929461,0.95079577281995,0.0492042271800501
"650",649,0.978398749773599,-0.0175384684726583,0.992467621310176,0.00753237868982404
"651",650,0.970424811462381,-0.00777039404141702,1.06408350312324,-0.0640835031232407
"652",651,0.995102708773173,-0.0380008182471368,0.98042462872399,0.0195753712760103
"653",652,0.98250279947319,-0.0225659293546583,1.02001958795431,-0.0200195879543108
"654",653,1.02437809401078,-0.0738631651632096,1.04123397883355,-0.0412339788335523
"655",654,0.985784850414799,-0.0265864417581292,1.01434284803032,-0.0143428480303247
"656",655,0.965713687952597,-0.00199926774193178,0.995913966792381,0.00408603320761858
"657",656,0.994689004701015,-0.0374940307587432,0.966716544860819,0.0332834551391814
"658",657,1.03230051943984,-0.0835681363138013,1.02120936611391,-0.0212093661139148
"659",658,0.967088769882992,-0.00368374310666475,1.00294140264874,-0.00294140264874199
"660",659,1.00687337664778,-0.0524198863935272,1.04891047316004,-0.0489104731600367
"661",660,0.995458893663937,-0.0384371447383231,1.08285503061334,-0.0828550306133367
"662",661,0.934164468397913,0.0366485262125567,1.02148587258329,-0.0214858725832852
"663",662,0.992587000217022,-0.0349190752658523,1.08593554095519,-0.0859355409551932
"664",663,1.01730426614732,-0.0651977260304629,1.05071810734502,-0.0507181073450218
"665",664,1.01175701783685,-0.0584023468501394,1.01828062649217,-0.018280626492174
"666",665,0.985795701791112,-0.0265997346941126,1.02854023524768,-0.0285402352476849
"667",666,0.974338854800572,-0.0125650971307011,1.00245139524314,-0.0024513952431362
"668",667,0.984097815587203,-0.0245198240943238,0.969806965559983,0.0301930344400166
"669",668,0.946540900103949,0.0214873973726621,0.997763704670433,0.0022362953295666
"670",669,0.9578674352029,0.00761239187644728,0.992615307652194,0.0073846923478057
"671",670,0.95702492201186,0.00864447053547211,1.01128960626855,-0.0112896062685497
"672",671,1.02309450344579,-0.0722907667210983,0.978883547247092,0.0211164527529081
"673",672,1.02551102152716,-0.0752510013707662,1.0430622911648,-0.0430622911647971
"674",673,1.05099537127412,-0.106469329810802,1.08638238307562,-0.0863823830756218
"675",674,0.964520617015047,-0.000537755843432144,1.00521449105789,-0.00521449105789262
"676",675,1.01324736693209,-0.0602280244918133,0.977634617385244,0.0223653826147563
"677",676,1.010899971898,-0.0573524655750536,1.00043531420511,-0.000435314205108783
"678",677,0.964249594627224,-0.000205753418349032,0.972011061841233,0.0279889381587674
"679",678,0.992040265247314,-0.0342493249279601,1.00049328083951,-0.000493280839510168
"680",679,0.948322134922636,0.0193053847197712,0.958484459589328,0.0415155404106715
"681",680,0.99176996053591,-0.0339182016564899,0.967984236275897,0.0320157637241032
"682",681,0.980324482964796,-0.0198974916318747,1.04551734923748,-0.0455173492374783
"683",682,1.00442520160285,-0.0494208719634941,0.960648691353247,0.039351308646753
"684",683,0.988494210451988,-0.0299054078036858,1.00581540481816,-0.00581540481815668
"685",684,1.00780825010983,-0.0535651063845455,1.06962114909353,-0.0696211490935301
"686",685,0.950603259396025,0.0165110072398693,1.10111696901072,-0.101116969010723
"687",686,0.925390180492742,0.0473970288963912,1.02173063816108,-0.021730638161084
"688",687,0.995008835651908,-0.0378858236735879,0.974573113677339,0.0254268863226612
"689",688,1.03827468569282,-0.0908864899736991,1.04243802085776,-0.0424380208577648
"690",689,1.05434216134627,-0.110569147649182,1.02342496079237,-0.0234249607923716
"691",690,1.00542578501845,-0.0506465866476056,1.10997452895229,-0.109974528952295
"692",691,0.919841162982722,0.0541945753461654,1.00449723525406,-0.0044972352540622
"693",692,0.999787146908545,-0.0437392549629671,0.973371881436968,0.0266281185630316
"694",693,0.996817471232856,-0.0401014022602492,0.974804355760947,0.0251956442390534
"695",694,0.950716266466136,0.0163725735789833,0.918132256744616,0.0818677432553836
"696",695,0.989101574138036,-0.0306494283190947,1.01745553373038,-0.0174555337303823
"697",696,1.00657083392964,-0.0520492715638106,1.02964141402638,-0.0296414140263761
"698",697,0.998588033776876,-0.0422703413766731,0.985136150108658,0.0148638498913419
"699",698,1.01329932026599,-0.0602916673258382,1.03523323847588,-0.0352332384758791
"700",699,0.974832385103727,-0.0131696717520652,0.997333329825005,0.00266667017499478
"701",700,0.923801032572103,0.0493437350991741,0.995607250460472,0.00439274953952806
"702",701,1.00579497895335,-0.051098849217857,0.998442264718072,0.00155773528192782
"703",702,0.964420757301047,-0.000415427693782479,1.00204623397736,-0.00204623397735526
"704",703,1.00695645046579,-0.0525216518205965,1.09027474754957,-0.09027474754957
"705",704,0.98121092997965,-0.0209833892250714,0.963619265735222,0.0363807342647775
"706",705,0.931804163184496,0.039539900098993,0.970845301106314,0.0291546988936862
"707",706,1.01116686594591,-0.057679410783738,0.982648645979243,0.0173513540207569
"708",707,0.94524107388538,0.0230796844904097,0.911169166112456,0.088830833887544
"709",708,1.01167498121161,-0.0583018519842235,1.11454842998989,-0.114548429989892
"710",709,1.049136132804,-0.1041917626849,1.06739609362667,-0.0673960936266718
"711",710,0.992868005436806,-0.0352633066600868,1.05577594571281,-0.0557759457128144
"712",711,0.986629829352823,-0.0276215409572076,0.998915134661858,0.00108486533814245
"713",712,1.05379628505081,-0.109900449187238,1.02025130511029,-0.0202513051102873
"714",713,0.951828451562184,0.0150101468363242,0.930104846235662,0.0698951537643382
"715",714,1.04826636742251,-0.10312630009257,1.17824650878942,-0.178246508789415
"716",715,0.977827077823656,-0.0168381703339791,0.999468975581441,0.000531024418559123
"717",716,0.956391254335693,0.00942071343877642,0.94881674342382,0.0511832565761797
"718",717,1.02252259285416,-0.0715901762463432,1.05427059061124,-0.0542705906112384
"719",718,0.961730093813973,0.0028806350778828,0.962309733165176,0.0376902668348243
"720",719,0.993171788138323,-0.0356354404694454,1.05714967637652,-0.0571496763765205
"721",720,1.05725919693293,-0.114142516242838,1.03820266389418,-0.0382026638941779
"722",721,0.970373050881378,-0.00770698732968864,0.997540988744011,0.0024590112559888
"723",722,1.01354902501697,-0.0605975556457922,1.08167005795585,-0.0816700579558469
"724",723,1.09052897505242,-0.15489799443922,1.03469882219157,-0.0346988221915734
"725",724,0.966731627668513,-0.0032462438939285,0.968101041648042,0.0318989583519577
"726",725,1.02372169525331,-0.0730590766853003,1.05403369370903,-0.0540336937090331
"727",726,1.0360359047342,-0.0881439832993915,1.04070097197394,-0.0407009719739402
"728",727,0.96838283288936,-0.00526897028946559,1.00093172717745,-0.000931727177454711
"729",728,0.997803681749444,-0.0413095101430694,0.960705225304839,0.0392947746951613
"730",729,1.09751300648779,-0.163453432947549,1.3242439838575,-0.324243983857498
"731",730,0.970221954598147,-0.00752189438273004,0.890526047553474,0.109473952446526
"732",731,0.99149134948949,-0.033576903124625,0.999652072458571,0.000347927541428761
"733",732,1.05322011588253,-0.109194641956097,1.05295252630309,-0.0529525263030897
"734",733,0.978116182930022,-0.0171923240892765,0.967824266792267,0.032175733207733
"735",734,1.00660814685195,-0.0520949798936375,1.04198701593686,-0.0419870159368587
"736",735,1.08671600064762,-0.15022710079333,1.05131767166722,-0.0513176716672177
"737",736,0.993912242596999,-0.0365424971813243,0.945309431880204,0.0546905681197963
"738",737,0.982224376304917,-0.0222248609735233,0.982575630892006,0.0174243691079941
"739",738,0.917357654078834,0.0572368737534281,0.929557884812177,0.0704421151878227
"740",739,1.0080670209485,-0.0538821006619102,1.06517446154257,-0.0651744615425687
"741",740,0.95402020936941,0.0123252435224729,0.918641860379462,0.0813581396205384
"742",741,1.05150154242232,-0.107089389467336,1.10739542408332,-0.10739542408332
"743",742,1.01385949396936,-0.0609778801124681,1.03706323818235,-0.0370632381823504
"744",743,0.978943385039651,-0.0182056466735727,1.0520723077319,-0.0520723077319007
"745",744,1.0307806545631,-0.0817063018398005,1.0849568303314,-0.0849568303313988
"746",745,1.05523185496538,-0.111659022332586,0.955275005637292,0.0447249943627078
"747",746,0.989837478430661,-0.0315509110775603,0.993953022388959,0.00604697761104145
"748",747,0.927053364599301,0.0453596283658559,0.923316941979658,0.0766830580203424
"749",748,1.08682635509099,-0.150362284986467,1.00743829043637,-0.00743829043636612
"750",749,1.03942851401721,-0.0922999296710854,1.01257748615969,-0.0125774861596859
"751",750,1.03584183840856,-0.0879062520504894,1.15933765789983,-0.159337657899831
"752",751,1.07424726649369,-0.134952901454773,0.982359744331717,0.0176402556682832
"753",752,0.946342715332508,0.021730173717678,0.971592875114875,0.0284071248851245
"754",753,0.984605485727133,-0.0251417200157375,1.05886614827625,-0.0588661482762485
"755",754,1.01745683795691,-0.0653846264972207,1.17588828235562,-0.175888282355616
"756",755,0.981931676911634,-0.0218663042167515,1.02637312245093,-0.0263731224509296
"757",756,0.950970927873985,0.0160606133543684,1.04010465716515,-0.0401046571651504
"758",757,0.923699252448373,0.0494684157507429,1.12297855510442,-0.122978555104423
"759",758,0.97946547816734,-0.0188452107549917,1.14479800012113,-0.144798000121132
"760",759,0.953139608588935,0.0134039794785541,1.02787912245698,-0.0278791224569817
"761",760,0.946876168970478,0.0210766930111647,0.955614593071629,0.0443854069283708
"762",761,0.99319325159937,-0.035661733209228,0.949725500272398,0.0502744997276022
"763",762,0.918351440531168,0.0560194853493195,0.933928192766332,0.0660718072336677
"764",763,1.02497436809114,-0.0745936009116455,0.968675837703919,0.0313241622960809
"765",764,0.968189187194512,-0.00503175431327729,1.02484004623214,-0.0248400462321376
"766",765,1.09146609706641,-0.156045968906353,0.966677852706541,0.0333221472934592
"767",766,1.13406814923629,-0.208233482814455,1.21096281257812,-0.210962812578121
"768",767,1.04970868855273,-0.104893143477096,0.962852415637061,0.0371475843629385
"769",768,1.13481238472344,-0.209145171286215,0.960585420363612,0.0394145796363879
"770",769,1.09079084223655,-0.15521878173977,0.855449268597809,0.144550731402191
"771",770,0.965694638129467,-0.00197593170859746,0.975710186810808,0.0242898131891921
"772",771,0.977846860903381,-0.0168624046066417,0.962467734042324,0.0375322659576757
"773",772,1.0327159212662,-0.0840770035510912,1.04666125853287,-0.0466612585328725
"774",773,1.00023659564639,-0.0442898296668241,1.09592347891843,-0.0959234789184329
"775",774,0.953558516548814,0.0128908172277024,0.984904734223495,0.015095265776505
"776",775,0.958173205557732,0.0072378231917779,1.0249783486326,-0.0249783486325952
"777",776,1.15928846024677,-0.239128363802299,0.986969076808363,0.0130309231916367
"778",777,0.937564575141147,0.0324833954520952,0.910599764821876,0.0894002351781237
"779",778,1.02880787536698,-0.0792896473245541,1.086170466166,-0.0861704661659966
"780",779,0.932546436942965,0.038630614744868,0.938989490842523,0.0610105091574769
"781",780,0.96932462864066,-0.00642267008480896,1.08794116556825,-0.0879411655682523
"782",781,0.91979054284432,0.0542565850157081,1.02633563078808,-0.0263356307880769
"783",782,0.970402929625282,-0.00774358879097026,0.933903862191123,0.0660961378088775
"784",783,1.01705575152527,-0.0648932956184613,0.848793988918516,0.151206011081484
"785",784,1.05676783287114,-0.113540595267142,0.881369932812016,0.118630067187984
"786",785,0.9346134664197,0.0360985036358676,0.930913908410888,0.0690860915891122
"787",786,1.2708082818474,-0.375740145263059,1.06813746530099,-0.0681374653009919
"788",787,1.1987893615399,-0.287516967886377,0.816634202117357,0.183365797882643
"789",788,0.877141903824097,0.106501167815481,0.979516635932552,0.0204833640674481
"790",789,0.872804119638643,0.111814953442663,1.01898949188528,-0.0189894918852755
